"IVA 0% Importaciones bienes corrientes","IVA 0% Importacions béns corrents"
"IVA 0% Importaciones bienes de inversión","IVA 0% Importacions béns d'inversió"
"IVA 4% Importaciones bienes corrientes","IVA 4% Importacions béns corrents"
"IVA 4% Importaciones bienes de inversión","IVA 4% Importacions béns d'inversió"
"IVA 7% Importaciones bienes corrientes","IVA 7% Importacions béns corrents"
"IVA 7% Importaciones bienes de inversión","IVA 7% Importacions béns d'inversió"
"IVA 8% Importaciones bienes corrientes","IVA 8% Importacions béns corrents"
"IVA 8% Importaciones bienes de inversión","IVA 8% Importacions béns d'inversió"
"IVA 10% Importaciones bienes corrientes","IVA 10% Importacions béns corrents"
"IVA 10% Importaciones bienes de inversión","IVA 10% Importacions béns d'inversió"
"IVA 16% Importaciones bienes corrientes","IVA 16% Importacions béns corrents"
"IVA 16% Importaciones bienes de inversión","IVA 16% Importacions béns d'inversió"
"IVA 18% Importaciones bienes corrientes","IVA 18% Importacions béns corrents"
"IVA 18% Importaciones bienes de inversión","IVA 18% Importacions béns d'inversió"
"IVA 21% Importaciones bienes corrientes","IVA 21% Importacions béns corrents"
"IVA 21% Importaciones bienes de inversión","IVA 21% Importacions béns d'inversió"
"IVA 0% Exportaciones","IVA 0% Exportacions"
"IVA 16% Inversión del sujeto pasivo","IVA 16% Inversió del subjecte passiu"
"IVA 16% Inversión del sujeto pasivo (1)","IVA 16% Inversió del subjecte passiu (1)"
"IVA 16% Inversión del sujeto pasivo (2)","IVA 16% Inversió del subjecte passiu (2)"
"IVA 16% Inversión del sujeto pasivo (3)","IVA 16% Inversió del subjecte passiu (3)"
"IVA 18% Inversión del sujeto pasivo","IVA 18% Inversió del subjecte passiu"
"IVA 18% Inversión del sujeto pasivo (1)","IVA 18% Inversió del subjecte passiu (1)"
"IVA 18% Inversión del sujeto pasivo (2)","IVA 18% Inversió del subjecte passiu (2)"
"IVA 18% Inversión del sujeto pasivo (3)","IVA 18% Inversió del subjecte passiu (3)"
"IVA 21% Inversión del sujeto pasivo","IVA 21% Inversió del subjecte passiu"
"IVA 21% Inversión del sujeto pasivo (1)","IVA 21% Inversió del subjecte passiu (1)"
"IVA 21% Inversión del sujeto pasivo (2)","IVA 21% Inversió del subjecte passiu (2)"
"IVA 21% Inversión del sujeto pasivo (3)","IVA 21% Inversió del subjecte passiu (3)"
"IVA 0% Intracomunitario","IVA 0% Intracomunitari"
"IVA 4% Intracomunitario. Bienes corrientes","IVA 4% Intracomunitari. Béns corrents"
"IVA 4% Intracomunitario. Bienes corrientes (1)","IVA 4% Intracomunitari. Béns corrents (1)"
"IVA 4% Intracomunitario. Bienes corrientes (2)","IVA 4% Intracomunitari. Béns corrents (2)"
"IVA 4% Intracomunitario. Bienes de inversión","IVA 4% Intracomunitari. Béns d'inversió"
"IVA 4% Intracomunitario. Bienes de inversión (1)","IVA 4% Intracomunitari. Béns d'inversió (1)"
"IVA 4% Intracomunitario. Bienes de inversión (2)","IVA 4% Intracomunitari. Béns d'inversió (2)"
"IVA 7% Intracomunitario. Bienes corrientes","IVA 7% Intracomunitari. Béns corrents"
"IVA 7% Intracomunitario. Bienes corrientes (1)","IVA 7% Intracomunitari. Béns corrents (1)"
"IVA 7% Intracomunitario. Bienes corrientes (2)","IVA 7% Intracomunitari. Béns corrents (2)"
"IVA 7% Intracomunitario. Bienes de inversión","IVA 7% Intracomunitari. Béns d'inversió"
"IVA 7% Intracomunitario. Bienes de inversión (1)","IVA 7% Intracomunitari. Béns d'inversió (1)"
"IVA 7% Intracomunitario. Bienes de inversión (2)","IVA 7% Intracomunitari. Béns d'inversió (2)"
"IVA 8% Intracomunitario. Bienes corrientes","IVA 8% Intracomunitari. Béns corrents"
"IVA 8% Intracomunitario. Bienes corrientes (1)","IVA 8% Intracomunitari. Béns corrents (1)"
"IVA 8% Intracomunitario. Bienes corrientes (2)","IVA 8% Intracomunitari. Béns corrents (2)"
"IVA 8% Intracomunitario. Bienes de inversión","IVA 8% Intracomunitari. Béns d'inversió"
"IVA 8% Intracomunitario. Bienes de inversión (1)","IVA 8% Intracomunitari. Béns d'inversió (1)"
"IVA 8% Intracomunitario. Bienes de inversión (2)","IVA 8% Intracomunitari. Béns d'inversió (2)"
"IVA 10% Intracomunitario. Bienes corrientes","IVA 10% Intracomunitari. Béns corrents"
"IVA 10% Intracomunitario. Bienes corrientes (1)","IVA 10% Intracomunitari. Béns corrents (1)"
"IVA 10% Intracomunitario. Bienes corrientes (2)","IVA 10% Intracomunitari. Béns corrents (2)"
"IVA 10% Intracomunitario. Bienes de inversión","IVA 10% Intracomunitari. Béns d'inversió"
"IVA 10% Intracomunitario. Bienes de inversión (1)","IVA 10% Intracomunitari. Béns d'inversió (1)"
"IVA 10% Intracomunitario. Bienes de inversión (2)","IVA 10% Intracomunitari. Béns d'inversió (2)"
"IVA 16% Intracomunitario. Bienes corrientes","IVA 16% Intracomunitari. Béns corrents"
"IVA 16% Intracomunitario. Bienes corrientes (1)","IVA 16% Intracomunitari. Béns corrents (1)"
"IVA 16% Intracomunitario. Bienes corrientes (2)","IVA 16% Intracomunitari. Béns corrents (2)"
"IVA 16% Intracomunitario. Bienes de inversión","IVA 16% Intracomunitari. Béns d'inversió"
"IVA 16% Intracomunitario. Bienes de inversión (1)","IVA 16% Intracomunitari. Béns d'inversió (1)"
"IVA 16% Intracomunitario. Bienes de inversión (2)","IVA 16% Intracomunitari. Béns d'inversió (2)"
"IVA 18% Intracomunitario. Bienes corrientes","IVA 18% Intracomunitari. Béns corrents"
"IVA 18% Intracomunitario. Bienes corrientes (1)","IVA 18% Intracomunitari. Béns corrents (1)"
"IVA 18% Intracomunitario. Bienes corrientes (2)","IVA 18% Intracomunitari. Béns corrents (2)"
"IVA 18% Intracomunitario. Bienes de inversión","IVA 18% Intracomunitari. Béns d'inversió"
"IVA 18% Intracomunitario. Bienes de inversión (1)","IVA 18% Intracomunitari. Béns d'inversió (1)"
"IVA 18% Intracomunitario. Bienes de inversión (2)","IVA 18% Intracomunitari. Béns d'inversió (2)"
"IVA 21% Intracomunitario. Bienes corrientes","IVA 21% Intracomunitari. Béns corrents"
"IVA 21% Intracomunitario. Bienes corrientes (1)","IVA 21% Intracomunitari. Béns corrents (1)"
"IVA 21% Intracomunitario. Bienes corrientes (2)","IVA 21% Intracomunitari. Béns corrents (2)"
"IVA 21% Intracomunitario. Bienes de inversión","IVA 21% Intracomunitari. Béns d'inversió"
"IVA 21% Intracomunitario. Bienes de inversión (1)","IVA 21% Intracomunitari. Béns d'inversió (1)"
"IVA 21% Intracomunitario. Bienes de inversión (2)","IVA 21% Intracomunitari. Béns d'inversió (2)"
"IVA Soportado exento (operaciones corrientes)","IVA Suportat exempt (operacions corrents)"
"4% IVA Soportado (operaciones corrientes)","4% IVA Suportat (operacions corrents)"
"7% IVA Soportado (operaciones corrientes)","7% IVA Suportat (operacions corrents)"
"8% IVA Soportado (operaciones corrientes)","8% IVA Suportat (operacions corrents)"
"10% IVA Soportado (operaciones corrientes)","10% IVA Suportat (operacions corrents)"
"16% IVA Soportado (operaciones corrientes)","16% IVA Suportat (operacions corrents)"
"18% IVA Soportado (operaciones corrientes)","18% IVA Suportat (operacions corrents)"
"21% IVA Soportado (operaciones corrientes)","21% IVA Suportat (operacions corrents)"
"IVA Soportado exento (bienes de inversión)","IVA Suportat exempt (béns d'inversió)"
"4% IVA Soportado (bienes de inversión)","4% IVA Suportat (béns d'inversió)"
"7% IVA Soportado (bienes de inversión)","7% IVA Suportat (béns d'inversió)"
"8% IVA Soportado (bienes de inversión)","8% IVA Suportat (béns d'inversió)"
"10% IVA Soportado (bienes de inversión)","10% IVA Suportat (béns d'inversió)"
"16% IVA Soportado (bienes de inversión)","16% IVA Suportat (béns d'inversió)"
"18% IVA Soportado (bienes de inversión)","18% IVA Suportat (béns d'inversió)"
"21% IVA Soportado (bienes de inversión)","21% IVA Suportat (béns d'inversió)"
"IVA Exento","IVA exempt"
"IVA 4%","IVA 4%"
"IVA 7%","IVA 7%"
"IVA 8%","IVA 8%"
"IVA 10%","IVA 10%"
"IVA 16%","IVA 16%"
"IVA 18%","IVA 18%"
"IVA 21%","IVA 21%"
"Retenciones IRPF 1% + IVA Soportado exento (operaciones corrientes)","Retencions IRPF 1% + IVA Suportat exempt (operacions corrents)"
"Retenciones IRPF 1%","Retencions IRPF 1%"
"Retenciones IRPF 1% + 4% IVA Soportado (operaciones corrientes)","Retencions IRPF 1% + 4% IVA Suportat (operacions corrents)"
"Retenciones IRPF 1% + 7% IVA Soportado (operaciones corrientes)","Retencions IRPF 1% + 7% IVA Suportat (operacions corrents)"
"Retenciones IRPF 1% + 8% IVA Soportado (operaciones corrientes)","Retencions IRPF 1% + 8% IVA Suportat (operacions corrents)"
"Retenciones IRPF 1% + 10% IVA Soportado (operaciones corrientes)","Retencions IRPF 1% + 10% IVA Suportat (operacions corrents)"
"Retenciones IRPF 1% + 16% IVA Soportado (operaciones corrientes)","Retencions IRPF 1% + 16% IVA Suportat (operacions corrents)"
"Retenciones IRPF 1% + 18% IVA Soportado (operaciones corrientes)","Retencions IRPF 1% + 18% IVA Suportat (operacions corrents)"
"Retenciones IRPF 1% + 21% IVA Soportado (operaciones corrientes)","Retencions IRPF 1% + 21% IVA Suportat (operacions corrents)"
"Retenciones IRPF 1% + IVA Soportado exento (bienes de inversión)","Retencions IRPF 1% + IVA Suportat exempt (béns d'inversió)"
"Retenciones IRPF 1% + 4% IVA Soportado (bienes de inversión)","Retencions IRPF 1% + 4% IVA Suportat (béns d'inversió)"
"Retenciones IRPF 1% + 7% IVA Soportado (bienes de inversión)","Retencions IRPF 1% + 7% IVA Suportat (béns d'inversió)"
"Retenciones IRPF 1% + 8% IVA Soportado (bienes de inversión)","Retencions IRPF 1% + 8% IVA Suportat (béns d'inversió)"
"Retenciones IRPF 1% + 10% IVA Soportado (bienes de inversión)","Retencions IRPF 1% + 10% IVA Suportat (béns d'inversió)"
"Retenciones IRPF 1% + 16% IVA Soportado (bienes de inversión)","Retencions IRPF 1% + 16% IVA Suportat (béns d'inversió)"
"Retenciones IRPF 1% + 18% IVA Soportado (bienes de inversión)","Retencions IRPF 1% + 18% IVA Suportat (béns d'inversió)"
"Retenciones IRPF 1% + 21% IVA Soportado (bienes de inversión)","Retencions IRPF 1% + 21% IVA Suportat (béns d'inversió)"
"Retenciones IRPF 2% + IVA Soportado exento (operaciones corrientes)","Retencions IRPF 2% + IVA Suportat exempt (operacions corrents)"
"Retenciones IRPF 2%","Retencions IRPF 2%"
"Retenciones IRPF 2% + 4% IVA Soportado (operaciones corrientes)","Retencions IRPF 2% + 4% IVA Suportat (operacions corrents)"
"Retenciones IRPF 2% + 7% IVA Soportado (operaciones corrientes)","Retencions IRPF 2% + 7% IVA Suportat (operacions corrents)"
"Retenciones IRPF 2% + 8% IVA Soportado (operaciones corrientes)","Retencions IRPF 2% + 8% IVA Suportat (operacions corrents)"
"Retenciones IRPF 2% + 10% IVA Soportado (operaciones corrientes)","Retencions IRPF 2% + 10% IVA Suportat (operacions corrents)"
"Retenciones IRPF 2% + 16% IVA Soportado (operaciones corrientes)","Retencions IRPF 2% + 16% IVA Suportat (operacions corrents)"
"Retenciones IRPF 2% + 18% IVA Soportado (operaciones corrientes)","Retencions IRPF 2% + 18% IVA Suportat (operacions corrents)"
"Retenciones IRPF 2% + 21% IVA Soportado (operaciones corrientes)","Retencions IRPF 2% + 21% IVA Suportat (operacions corrents)"
"Retenciones IRPF 2% + IVA Soportado exento (bienes de inversión)","Retencions IRPF 2% + IVA Suportat exempt (béns d'inversió)"
"Retenciones IRPF 2% + 4% IVA Soportado (bienes de inversión)","Retencions IRPF 2% + 4% IVA Suportat (béns d'inversió)"
"Retenciones IRPF 2% + 7% IVA Soportado (bienes de inversión)","Retencions IRPF 2% + 7% IVA Suportat (béns d'inversió)"
"Retenciones IRPF 2% + 8% IVA Soportado (bienes de inversión)","Retencions IRPF 2% + 8% IVA Suportat (béns d'inversió)"
"Retenciones IRPF 2% + 10% IVA Soportado (bienes de inversión)","Retencions IRPF 2% + 10% IVA Suportat (béns d'inversió)"
"Retenciones IRPF 2% + 16% IVA Soportado (bienes de inversión)","Retencions IRPF 2% + 16% IVA Suportat (béns d'inversió)"
"Retenciones IRPF 2% + 18% IVA Soportado (bienes de inversión)","Retencions IRPF 2% + 18% IVA Suportat (béns d'inversió)"
"Retenciones IRPF 2% + 21% IVA Soportado (bienes de inversión)","Retencions IRPF 2% + 21% IVA Suportat (béns d'inversió)"
"Retenciones IRPF 7% + IVA Soportado exento (operaciones corrientes)","Retencions IRPF 7% + IVA Suportat exempt (operacions corrents)"
"Retenciones IRPF 7%","Retencions IRPF 7%"
"Retenciones IRPF 7% + 4% IVA Soportado (operaciones corrientes)","Retencions IRPF 7% + 4% IVA Suportat (operacions corrents)"
"Retenciones IRPF 7% + 7% IVA Soportado (operaciones corrientes)","Retencions IRPF 7% + 7% IVA Suportat (operacions corrents)"
"Retenciones IRPF 7% + 8% IVA Soportado (operaciones corrientes)","Retencions IRPF 7% + 8% IVA Suportat (operacions corrents)"
"Retenciones IRPF 7% + 10% IVA Soportado (operaciones corrientes)","Retencions IRPF 7% + 10% IVA Suportat (operacions corrents)"
"Retenciones IRPF 7% + 16% IVA Soportado (operaciones corrientes)","Retencions IRPF 7% + 16% IVA Suportat (operacions corrents)"
"Retenciones IRPF 7% + 18% IVA Soportado (operaciones corrientes)","Retencions IRPF 7% + 18% IVA Suportat (operacions corrents)"
"Retenciones IRPF 7% + 21% IVA Soportado (operaciones corrientes)","Retencions IRPF 7% + 21% IVA Suportat (operacions corrents)"
"Retenciones IRPF 7% + IVA Soportado exento (bienes de inversión)","Retencions IRPF 7% + IVA Suportat exempt (béns d'inversió)"
"Retenciones IRPF 7% + 4% IVA Soportado (bienes de inversión)","Retencions IRPF 7% + 4% IVA Suportat (béns d'inversió)"
"Retenciones IRPF 7% + 7% IVA Soportado (bienes de inversión)","Retencions IRPF 7% + 7% IVA Suportat (béns d'inversió)"
"Retenciones IRPF 7% + 8% IVA Soportado (bienes de inversión)","Retencions IRPF 7% + 8% IVA Suportat (béns d'inversió)"
"Retenciones IRPF 7% + 10% IVA Soportado (bienes de inversión)","Retencions IRPF 7% + 10% IVA Suportat (béns d'inversió)"
"Retenciones IRPF 7% + 16% IVA Soportado (bienes de inversión)","Retencions IRPF 7% + 16% IVA Suportat (béns d'inversió)"
"Retenciones IRPF 7% + 18% IVA Soportado (bienes de inversión)","Retencions IRPF 7% + 18% IVA Suportat (béns d'inversió)"
"Retenciones IRPF 7% + 21% IVA Soportado (bienes de inversión)","Retencions IRPF 7% + 21% IVA Suportat (béns d'inversió)"
"Retenciones IRPF 9% + IVA Soportado exento (operaciones corrientes)","Retencions IRPF 9% + IVA Suportat exempt (operacions corrents)"
"Retenciones IRPF 9%","Retencions IRPF 9%"
"Retenciones IRPF 9% + 4% IVA Soportado (operaciones corrientes)","Retencions IRPF 9% + 4% IVA Suportat (operacions corrents)"
"Retenciones IRPF 9% + 7% IVA Soportado (operaciones corrientes)","Retencions IRPF 9% + 7% IVA Suportat (operacions corrents)"
"Retenciones IRPF 9% + 8% IVA Soportado (operaciones corrientes)","Retencions IRPF 9% + 8% IVA Suportat (operacions corrents)"
"Retenciones IRPF 9% + 10% IVA Soportado (operaciones corrientes)","Retencions IRPF 9% + 10% IVA Suportat (operacions corrents)"
"Retenciones IRPF 9% + 16% IVA Soportado (operaciones corrientes)","Retencions IRPF 9% + 16% IVA Suportat (operacions corrents)"
"Retenciones IRPF 9% + 18% IVA Soportado (operaciones corrientes)","Retencions IRPF 9% + 18% IVA Suportat (operacions corrents)"
"Retenciones IRPF 9% + 21% IVA Soportado (operaciones corrientes)","Retencions IRPF 9% + 21% IVA Suportat (operacions corrents)"
"Retenciones IRPF 9% + IVA Soportado exento (bienes de inversión)","Retencions IRPF 9% + IVA Suportat exempt (béns d'inversió)"
"Retenciones IRPF 9% + 4% IVA Soportado (bienes de inversión)","Retencions IRPF 9% + 4% IVA Suportat (béns d'inversió)"
"Retenciones IRPF 9% + 7% IVA Soportado (bienes de inversión)","Retencions IRPF 9% + 7% IVA Suportat (béns d'inversió)"
"Retenciones IRPF 9% + 8% IVA Soportado (bienes de inversión)","Retencions IRPF 9% + 8% IVA Suportat (béns d'inversió)"
"Retenciones IRPF 9% + 10% IVA Soportado (bienes de inversión)","Retencions IRPF 9% + 10% IVA Suportat (béns d'inversió)"
"Retenciones IRPF 9% + 16% IVA Soportado (bienes de inversión)","Retencions IRPF 9% + 16% IVA Suportat (béns d'inversió)"
"Retenciones IRPF 9% + 18% IVA Soportado (bienes de inversión)","Retencions IRPF 9% + 18% IVA Suportat (béns d'inversió)"
"Retenciones IRPF 9% + 21% IVA Soportado (bienes de inversión)","Retencions IRPF 9% + 21% IVA Suportat (béns d'inversió)"
"Retenciones IRPF 15% + IVA Soportado exento (operaciones corrientes)","Retencions IRPF 15% + IVA Suportat exempt (operacions corrents)"
"Retenciones IRPF 15%","Retencions IRPF 15%"
"Retenciones IRPF 15% + 4% IVA Soportado (operaciones corrientes)","Retencions IRPF 15% + 4% IVA Suportat (operacions corrents)"
"Retenciones IRPF 15% + 7% IVA Soportado (operaciones corrientes)","Retencions IRPF 15% + 7% IVA Suportat (operacions corrents)"
"Retenciones IRPF 15% + 8% IVA Soportado (operaciones corrientes)","Retencions IRPF 15% + 8% IVA Suportat (operacions corrents)"
"Retenciones IRPF 15% + 10% IVA Soportado (operaciones corrientes)","Retencions IRPF 15% + 10% IVA Suportat (operacions corrents)"
"Retenciones IRPF 15% + 16% IVA Soportado (operaciones corrientes)","Retencions IRPF 15% + 16% IVA Suportat (operacions corrents)"
"Retenciones IRPF 15% + 18% IVA Soportado (operaciones corrientes)","Retencions IRPF 15% + 18% IVA Suportat (operacions corrents)"
"Retenciones IRPF 15% + 21% IVA Soportado (operaciones corrientes)","Retencions IRPF 15% + 21% IVA Suportat (operacions corrents)"
"Retenciones IRPF 15% + IVA Soportado exento (bienes de inversión)","Retencions IRPF 15% + IVA Suportat exempt (béns d'inversió)"
"Retenciones IRPF 15% + 4% IVA Soportado (bienes de inversión)","Retencions IRPF 15% + 4% IVA Suportat (béns d'inversió)"
"Retenciones IRPF 15% + 7% IVA Soportado (bienes de inversión)","Retencions IRPF 15% + 7% IVA Suportat (béns d'inversió)"
"Retenciones IRPF 15% + 8% IVA Soportado (bienes de inversión)","Retencions IRPF 15% + 8% IVA Suportat (béns d'inversió)"
"Retenciones IRPF 15% + 10% IVA Soportado (bienes de inversión)","Retencions IRPF 15% + 10% IVA Suportat (béns d'inversió)"
"Retenciones IRPF 15% + 16% IVA Soportado (bienes de inversión)","Retencions IRPF 15% + 16% IVA Suportat (béns d'inversió)"
"Retenciones IRPF 15% + 18% IVA Soportado (bienes de inversión)","Retencions IRPF 15% + 18% IVA Suportat (béns d'inversió)"
"Retenciones IRPF 15% + 21% IVA Soportado (bienes de inversión)","Retencions IRPF 15% + 21% IVA Suportat (béns d'inversió)"
"Retenciones IRPF 18% + IVA Soportado exento (operaciones corrientes)","Retencions IRPF 18% + IVA Suportat exempt (operacions corrents)"
"Retenciones IRPF 18%","Retencions IRPF 18%"
"Retenciones IRPF 18% + 4% IVA Soportado (operaciones corrientes)","Retencions IRPF 18% + 4% IVA Suportat (operacions corrents)"
"Retenciones IRPF 18% + 7% IVA Soportado (operaciones corrientes)","Retencions IRPF 18% + 7% IVA Suportat (operacions corrents)"
"Retenciones IRPF 18% + 8% IVA Soportado (operaciones corrientes)","Retencions IRPF 18% + 8% IVA Suportat (operacions corrents)"
"Retenciones IRPF 18% + 10% IVA Soportado (operaciones corrientes)","Retencions IRPF 18% + 10% IVA Suportat (operacions corrents)"
"Retenciones IRPF 18% + 16% IVA Soportado (operaciones corrientes)","Retencions IRPF 18% + 16% IVA Suportat (operacions corrents)"
"Retenciones IRPF 18% + 18% IVA Soportado (operaciones corrientes)","Retencions IRPF 18% + 18% IVA Suportat (operacions corrents)"
"Retenciones IRPF 18% + 21% IVA Soportado (operaciones corrientes)","Retencions IRPF 18% + 21% IVA Suportat (operacions corrents)"
"Retenciones IRPF 18% + IVA Soportado exento (bienes de inversión)","Retencions IRPF 18% + IVA Suportat exempt (béns d'inversió)"
"Retenciones IRPF 18% + 4% IVA Soportado (bienes de inversión)","Retencions IRPF 18% + 4% IVA Suportat (béns d'inversió)"
"Retenciones IRPF 18% + 7% IVA Soportado (bienes de inversión)","Retencions IRPF 18% + 7% IVA Suportat (béns d'inversió)"
"Retenciones IRPF 18% + 8% IVA Soportado (bienes de inversión)","Retencions IRPF 18% + 8% IVA Suportat (béns d'inversió)"
"Retenciones IRPF 18% + 10% IVA Soportado (bienes de inversión)","Retencions IRPF 18% + 10% IVA Suportat (béns d'inversió)"
"Retenciones IRPF 18% + 16% IVA Soportado (bienes de inversión)","Retencions IRPF 18% + 16% IVA Suportat (béns d'inversió)"
"Retenciones IRPF 18% + 18% IVA Soportado (bienes de inversión)","Retencions IRPF 18% + 18% IVA Suportat (béns d'inversió)"
"Retenciones IRPF 18% + 21% IVA Soportado (bienes de inversión)","Retencions IRPF 18% + 21% IVA Suportat (béns d'inversió)"
"Retenciones IRPF 19% + IVA Soportado exento (operaciones corrientes)","Retencions IRPF 19% + IVA Suportat exempt (operacions corrents)"
"Retenciones IRPF 19%","Retencions IRPF 19%"
"Retenciones IRPF 19% + 4% IVA Soportado (operaciones corrientes)","Retencions IRPF 19% + 4% IVA Suportat (operacions corrents)"
"Retenciones IRPF 19% + 7% IVA Soportado (operaciones corrientes)","Retencions IRPF 19% + 7% IVA Suportat (operacions corrents)"
"Retenciones IRPF 19% + 8% IVA Soportado (operaciones corrientes)","Retencions IRPF 19% + 8% IVA Suportat (operacions corrents)"
"Retenciones IRPF 19% + 10% IVA Soportado (operaciones corrientes)","Retencions IRPF 19% + 10% IVA Suportat (operacions corrents)"
"Retenciones IRPF 19% + 16% IVA Soportado (operaciones corrientes)","Retencions IRPF 19% + 16% IVA Suportat (operacions corrents)"
"Retenciones IRPF 19% + 18% IVA Soportado (operaciones corrientes)","Retencions IRPF 19% + 18% IVA Suportat (operacions corrents)"
"Retenciones IRPF 19% + 21% IVA Soportado (operaciones corrientes)","Retencions IRPF 19% + 21% IVA Suportat (operacions corrents)"
"Retenciones IRPF 19% + IVA Soportado exento (bienes de inversión)","Retencions IRPF 19% + IVA Suportat exempt (béns d'inversió)"
"Retenciones IRPF 19% + 4% IVA Soportado (bienes de inversión)","Retencions IRPF 19% + 4% IVA Suportat (béns d'inversió)"
"Retenciones IRPF 19% + 7% IVA Soportado (bienes de inversión)","Retencions IRPF 19% + 7% IVA Suportat (béns d'inversió)"
"Retenciones IRPF 19% + 8% IVA Soportado (bienes de inversión)","Retencions IRPF 19% + 8% IVA Suportat (béns d'inversió)"
"Retenciones IRPF 19% + 10% IVA Soportado (bienes de inversión)","Retencions IRPF 19% + 10% IVA Suportat (béns d'inversió)"
"Retenciones IRPF 19% + 16% IVA Soportado (bienes de inversión)","Retencions IRPF 19% + 16% IVA Suportat (béns d'inversió)"
"Retenciones IRPF 19% + 18% IVA Soportado (bienes de inversión)","Retencions IRPF 19% + 18% IVA Suportat (béns d'inversió)"
"Retenciones IRPF 19% + 21% IVA Soportado (bienes de inversión)","Retencions IRPF 19% + 21% IVA Suportat (béns d'inversió)"
"Retenciones IRPF 20% + IVA Soportado exento (operaciones corrientes)","Retencions IRPF 20% + IVA Suportat exempt (operacions corrents)"
"Retenciones IRPF 20%","Retencions IRPF 20%"
"Retenciones IRPF 20% + 4% IVA Soportado (operaciones corrientes)","Retencions IRPF 20% + 4% IVA Suportat (operacions corrents)"
"Retenciones IRPF 20% + 7% IVA Soportado (operaciones corrientes)","Retencions IRPF 20% + 7% IVA Suportat (operacions corrents)"
"Retenciones IRPF 20% + 8% IVA Soportado (operaciones corrientes)","Retencions IRPF 20% + 8% IVA Suportat (operacions corrents)"
"Retenciones IRPF 20% + 10% IVA Soportado (operaciones corrientes)","Retencions IRPF 20% + 10% IVA Suportat (operacions corrents)"
"Retenciones IRPF 20% + 16% IVA Soportado (operaciones corrientes)","Retencions IRPF 20% + 16% IVA Suportat (operacions corrents)"
"Retenciones IRPF 20% + 18% IVA Soportado (operaciones corrientes)","Retencions IRPF 20% + 18% IVA Suportat (operacions corrents)"
"Retenciones IRPF 20% + 21% IVA Soportado (operaciones corrientes)","Retencions IRPF 20% + 21% IVA Suportat (operacions corrents)"
"Retenciones IRPF 20% + IVA Soportado exento (bienes de inversión)","Retencions IRPF 20% + IVA Suportat exempt (béns d'inversió)"
"Retenciones IRPF 20% + 4% IVA Soportado (bienes de inversión)","Retencions IRPF 20% + 4% IVA Suportat (béns d'inversió)"
"Retenciones IRPF 20% + 7% IVA Soportado (bienes de inversión)","Retencions IRPF 20% + 7% IVA Suportat (béns d'inversió)"
"Retenciones IRPF 20% + 8% IVA Soportado (bienes de inversión)","Retencions IRPF 20% + 8% IVA Suportat (béns d'inversió)"
"Retenciones IRPF 20% + 10% IVA Soportado (bienes de inversión)","Retencions IRPF 20% + 10% IVA Suportat (béns d'inversió)"
"Retenciones IRPF 20% + 16% IVA Soportado (bienes de inversión)","Retencions IRPF 20% + 16% IVA Suportat (béns d'inversió)"
"Retenciones IRPF 20% + 18% IVA Soportado (bienes de inversión)","Retencions IRPF 20% + 18% IVA Suportat (béns d'inversió)"
"Retenciones IRPF 20% + 21% IVA Soportado (bienes de inversión)","Retencions IRPF 20% + 21% IVA Suportat (béns d'inversió)"
"Retenciones IRPF 21% + IVA Soportado exento (operaciones corrientes)","Retencions IRPF 21% + IVA Suportat exempt (operacions corrents)"
"Retenciones IRPF 21%","Retencions IRPF 21%"
"Retenciones IRPF 21% + 4% IVA Soportado (operaciones corrientes)","Retencions IRPF 21% + 4% IVA Suportat (operacions corrents)"
"Retenciones IRPF 21% + 7% IVA Soportado (operaciones corrientes)","Retencions IRPF 21% + 7% IVA Suportat (operacions corrents)"
"Retenciones IRPF 21% + 8% IVA Soportado (operaciones corrientes)","Retencions IRPF 21% + 8% IVA Suportat (operacions corrents)"
"Retenciones IRPF 21% + 10% IVA Soportado (operaciones corrientes)","Retencions IRPF 21% + 10% IVA Suportat (operacions corrents)"
"Retenciones IRPF 21% + 16% IVA Soportado (operaciones corrientes)","Retencions IRPF 21% + 16% IVA Suportat (operacions corrents)"
"Retenciones IRPF 21% + 18% IVA Soportado (operaciones corrientes)","Retencions IRPF 21% + 18% IVA Suportat (operacions corrents)"
"Retenciones IRPF 21% + 21% IVA Soportado (operaciones corrientes)","Retencions IRPF 21% + 21% IVA Suportat (operacions corrents)"
"Retenciones IRPF 21% + IVA Soportado exento (bienes de inversión)","Retencions IRPF 21% + IVA Suportat exempt (béns d'inversió)"
"Retenciones IRPF 21% + 4% IVA Soportado (bienes de inversión)","Retencions IRPF 21% + 4% IVA Suportat (béns d'inversió)"
"Retenciones IRPF 21% + 7% IVA Soportado (bienes de inversión)","Retencions IRPF 21% + 7% IVA Suportat (béns d'inversió)"
"Retenciones IRPF 21% + 8% IVA Soportado (bienes de inversión)","Retencions IRPF 21% + 8% IVA Suportat (béns d'inversió)"
"Retenciones IRPF 21% + 10% IVA Soportado (bienes de inversión)","Retencions IRPF 21% + 10% IVA Suportat (béns d'inversió)"
"Retenciones IRPF 21% + 16% IVA Soportado (bienes de inversión)","Retencions IRPF 21% + 16% IVA Suportat (béns d'inversió)"
"Retenciones IRPF 21% + 18% IVA Soportado (bienes de inversión)","Retencions IRPF 21% + 18% IVA Suportat (béns d'inversió)"
"Retenciones IRPF 21% + 21% IVA Soportado (bienes de inversión)","Retencions IRPF 21% + 21% IVA Suportat (béns d'inversió)"
"Retenciones a cuenta IRPF 1% + IVA Exento","Retencions a compte IRPF 1% + IVA exempt"
"Retenciones a cuenta IRPF 1%","Retencions a compte IRPF 1%"
"Retenciones a cuenta IRPF 1% + IVA 4%","Retencions a compte IRPF 1% + IVA 4%"
"Retenciones a cuenta IRPF 1% + IVA 7%","Retencions a compte IRPF 1% + IVA 7%"
"Retenciones a cuenta IRPF 1% + IVA 8%","Retencions a compte IRPF 1% + IVA 8%"
"Retenciones a cuenta IRPF 1% + IVA 10%","Retencions a compte IRPF 1% + IVA 10%"
"Retenciones a cuenta IRPF 1% + IVA 16%","Retencions a compte IRPF 1% + IVA 16%"
"Retenciones a cuenta IRPF 1% + IVA 18%","Retencions a compte IRPF 1% + IVA 18%"
"Retenciones a cuenta IRPF 1% + IVA 21%","Retencions a compte IRPF 1% + IVA 21%"
"Retenciones a cuenta IRPF 2% + IVA Exento","Retencions a compte IRPF 2% + IVA exempt"
"Retenciones a cuenta IRPF 2%","Retencions a compte IRPF 2%"
"Retenciones a cuenta IRPF 2% + IVA 4%","Retencions a compte IRPF 2% + IVA 4%"
"Retenciones a cuenta IRPF 2% + IVA 7%","Retencions a compte IRPF 2% + IVA 7%"
"Retenciones a cuenta IRPF 2% + IVA 8%","Retencions a compte IRPF 2% + IVA 8%"
"Retenciones a cuenta IRPF 2% + IVA 10%","Retencions a compte IRPF 2% + IVA 10%"
"Retenciones a cuenta IRPF 2% + IVA 16%","Retencions a compte IRPF 2% + IVA 16%"
"Retenciones a cuenta IRPF 2% + IVA 18%","Retencions a compte IRPF 2% + IVA 18%"
"Retenciones a cuenta IRPF 2% + IVA 21%","Retencions a compte IRPF 2% + IVA 21%"
"Retenciones a cuenta IRPF 7% + IVA Exento","Retencions a compte IRPF 7% + IVA exempt"
"Retenciones a cuenta IRPF 7%","Retencions a compte IRPF 7%"
"Retenciones a cuenta IRPF 7% + IVA 4%","Retencions a compte IRPF 7% + IVA 4%"
"Retenciones a cuenta IRPF 7% + IVA 7%","Retencions a compte IRPF 7% + IVA 7%"
"Retenciones a cuenta IRPF 7% + IVA 8%","Retencions a compte IRPF 7% + IVA 8%"
"Retenciones a cuenta IRPF 7% + IVA 10%","Retencions a compte IRPF 7% + IVA 10%"
"Retenciones a cuenta IRPF 7% + IVA 16%","Retencions a compte IRPF 7% + IVA 16%"
"Retenciones a cuenta IRPF 7% + IVA 18%","Retencions a compte IRPF 7% + IVA 18%"
"Retenciones a cuenta IRPF 7% + IVA 21%","Retencions a compte IRPF 7% + IVA 21%"
"Retenciones a cuenta IRPF 9% + IVA Exento","Retencions a compte IRPF 9% + IVA exempt"
"Retenciones a cuenta IRPF 9%","Retencions a compte IRPF 9%"
"Retenciones a cuenta IRPF 9% + IVA 4%","Retencions a compte IRPF 9% + IVA 4%"
"Retenciones a cuenta IRPF 9% + IVA 7%","Retencions a compte IRPF 9% + IVA 7%"
"Retenciones a cuenta IRPF 9% + IVA 8%","Retencions a compte IRPF 9% + IVA 8%"
"Retenciones a cuenta IRPF 9% + IVA 10%","Retencions a compte IRPF 9% + IVA 10%"
"Retenciones a cuenta IRPF 9% + IVA 16%","Retencions a compte IRPF 9% + IVA 16%"
"Retenciones a cuenta IRPF 9% + IVA 18%","Retencions a compte IRPF 9% + IVA 18%"
"Retenciones a cuenta IRPF 9% + IVA 21%","Retencions a compte IRPF 9% + IVA 21%"
"Retenciones a cuenta IRPF 15% + IVA Exento","Retencions a compte IRPF 15% + IVA exempt"
"Retenciones a cuenta IRPF 15%","Retencions a compte IRPF 15%"
"Retenciones a cuenta IRPF 15% + IVA 4%","Retencions a compte IRPF 15% + IVA 4%"
"Retenciones a cuenta IRPF 15% + IVA 7%","Retencions a compte IRPF 15% + IVA 7%"
"Retenciones a cuenta IRPF 15% + IVA 8%","Retencions a compte IRPF 15% + IVA 8%"
"Retenciones a cuenta IRPF 15% + IVA 10%","Retencions a compte IRPF 15% + IVA 10%"
"Retenciones a cuenta IRPF 15% + IVA 16%","Retencions a compte IRPF 15% + IVA 16%"
"Retenciones a cuenta IRPF 15% + IVA 18%","Retencions a compte IRPF 15% + IVA 18%"
"Retenciones a cuenta IRPF 15% + IVA 21%","Retencions a compte IRPF 15% + IVA 21%"
"Retenciones a cuenta IRPF 18% + IVA Exento","Retencions a compte IRPF 18% + IVA exempt"
"Retenciones a cuenta IRPF 18%","Retencions a compte IRPF 18%"
"Retenciones a cuenta IRPF 18% + IVA 4%","Retencions a compte IRPF 18% + IVA 4%"
"Retenciones a cuenta IRPF 18% + IVA 7%","Retencions a compte IRPF 18% + IVA 7%"
"Retenciones a cuenta IRPF 18% + IVA 8%","Retencions a compte IRPF 18% + IVA 8%"
"Retenciones a cuenta IRPF 18% + IVA 10%","Retencions a compte IRPF 18% + IVA 10%"
"Retenciones a cuenta IRPF 18% + IVA 16%","Retencions a compte IRPF 18% + IVA 16%"
"Retenciones a cuenta IRPF 18% + IVA 18%","Retencions a compte IRPF 18% + IVA 18%"
"Retenciones a cuenta IRPF 18% + IVA 21%","Retencions a compte IRPF 18% + IVA 21%"
"Retenciones a cuenta IRPF 19% + IVA Exento","Retencions a compte IRPF 19% + IVA exempt"
"Retenciones a cuenta IRPF 19%","Retencions a compte IRPF 19%"
"Retenciones a cuenta IRPF 19% + IVA 4%","Retencions a compte IRPF 19% + IVA 4%"
"Retenciones a cuenta IRPF 19% + IVA 7%","Retencions a compte IRPF 19% + IVA 7%"
"Retenciones a cuenta IRPF 19% + IVA 8%","Retencions a compte IRPF 19% + IVA 8%"
"Retenciones a cuenta IRPF 19% + IVA 10%","Retencions a compte IRPF 19% + IVA 10%"
"Retenciones a cuenta IRPF 19% + IVA 16%","Retencions a compte IRPF 19% + IVA 16%"
"Retenciones a cuenta IRPF 19% + IVA 18%","Retencions a compte IRPF 19% + IVA 18%"
"Retenciones a cuenta IRPF 19% + IVA 21%","Retencions a compte IRPF 19% + IVA 21%"
"Retenciones a cuenta IRPF 20% + IVA Exento","Retencions a compte IRPF 20% + IVA exempt"
"Retenciones a cuenta IRPF 20%","Retencions a compte IRPF 20%"
"Retenciones a cuenta IRPF 20% + IVA 4%","Retencions a compte IRPF 20% + IVA 4%"
"Retenciones a cuenta IRPF 20% + IVA 7%","Retencions a compte IRPF 20% + IVA 7%"
"Retenciones a cuenta IRPF 20% + IVA 8%","Retencions a compte IRPF 20% + IVA 8%"
"Retenciones a cuenta IRPF 20% + IVA 10%","Retencions a compte IRPF 20% + IVA 10%"
"Retenciones a cuenta IRPF 20% + IVA 16%","Retencions a compte IRPF 20% + IVA 16%"
"Retenciones a cuenta IRPF 20% + IVA 18%","Retencions a compte IRPF 20% + IVA 18%"
"Retenciones a cuenta IRPF 20% + IVA 21%","Retencions a compte IRPF 20% + IVA 21%"
"Retenciones a cuenta IRPF 21% + IVA Exento","Retencions a compte IRPF 21% + IVA exempt"
"Retenciones a cuenta IRPF 21%","Retencions a compte IRPF 21%"
"Retenciones a cuenta IRPF 21% + IVA 4%","Retencions a compte IRPF 21% + IVA 4%"
"Retenciones a cuenta IRPF 21% + IVA 7%","Retencions a compte IRPF 21% + IVA 7%"
"Retenciones a cuenta IRPF 21% + IVA 8%","Retencions a compte IRPF 21% + IVA 8%"
"Retenciones a cuenta IRPF 21% + IVA 10%","Retencions a compte IRPF 21% + IVA 10%"
"Retenciones a cuenta IRPF 21% + IVA 16%","Retencions a compte IRPF 21% + IVA 16%"
"Retenciones a cuenta IRPF 21% + IVA 18%","Retencions a compte IRPF 21% + IVA 18%"
"Retenciones a cuenta IRPF 21% + IVA 21%","Retencions a compte IRPF 21% + IVA 21%"
"IVA 4% + 0.50% Recargo Equivalencia Ventas","IVA 4% + 0.50% Recàrrec Equivalència Vendes"
"0.50% Recargo Equivalencia Ventas","0.50% Recàrrec Equivalència Vendes"
"IVA 7% + 1% Recargo Equivalencia Ventas","IVA 7% + 1% Recàrrec Equivalència Vendes"
"1% Recargo Equivalencia Ventas","1% Recàrrec Equivalència Vendes"
"IVA 8% + 1% Recargo Equivalencia Ventas","IVA 8% + 1% Recàrrec Equivalència Vendes"
"IVA 10% + 1.4% Recargo Equivalencia Ventas","IVA 10% + 1.4% Recàrrec Equivalència Vendes"
"1.4% Recargo Equivalencia Ventas","1.4% Recàrrec Equivalència Vendes"
"IVA 16% + 4% Recargo Equivalencia Ventas","IVA 16% + 4% Recàrrec Equivalència Vendes"
"4% Recargo Equivalencia Ventas","4% Recàrrec Equivalència Vendes"
"IVA 18% + 4% Recargo Equivalencia Ventas","IVA 18% + 4% Recàrrec Equivalència Vendes"
"IVA 21% + 5.2% Recargo Equivalencia Ventas","IVA 21% + 5.2% Recàrrec Equivalència Vendes"
"5.2% Recargo Equivalencia Ventas","5.2% Recàrrec Equivalència Vendes"
"4% IVA Soportado (operaciones corrientes) + 0.50% Recargo Equivalencia Compras","4% IVA Suportat (operacions corrents) + 0.50% Recàrrec Equivalència Compres"
"0.50% Recargo Equivalencia Compras","0.50% Recàrrec Equivalència Compres"
"7% IVA Soportado (operaciones corrientes) + 1% Recargo Equivalencia Compras","7% IVA Suportat (operacions corrents) + 1% Recàrrec Equivalència Compres"
"1% Recargo Equivalencia Compras","1% Recàrrec Equivalència Compres"
"8% IVA Soportado (operaciones corrientes) + 1% Recargo Equivalencia Compras","8% IVA Suportat (operacions corrents) + 1% Recàrrec Equivalència Compres"
"10% IVA Soportado (operaciones corrientes) + 1.4% Recargo Equivalencia Compras","10% IVA Suportat (operacions corrents) + 1.4% Recàrrec Equivalència Compres"
"1.4% Recargo Equivalencia Compras","1.4% Recàrrec Equivalència Compres"
"4% IVA Soportado (bienes de inversión) + 0.50% Recargo Equivalencia Compras","4% IVA Suportat (béns d'inversió) + 0.50% Recàrrec Equivalència Compres"
"7% IVA Soportado (bienes de inversión) + 1% Recargo Equivalencia Compras","7% IVA Suportat (béns d'inversió) + 1% Recàrrec Equivalència Compres"
"8% IVA Soportado (bienes de inversión) + 1% Recargo Equivalencia Compras","8% IVA Suportat (béns d'inversió) + 1% Recàrrec Equivalència Compres"
"10% IVA Soportado (bienes de inversión) + 1.4% Recargo Equivalencia Compras","10% IVA Suportat (béns d'inversió) + 1.4% Recàrrec Equivalència Compres"
"16% IVA Soportado (operaciones corrientes) + 4% Recargo Equivalencia Compras","16% IVA Suportat (operacions corrents) + 4% Recàrrec Equivalència Compres"
"4% Recargo Equivalencia Compras","4% Recàrrec Equivalència Compres"
"18% IVA Soportado (operaciones corrientes) + 4% Recargo Equivalencia Compras","18% IVA Suportat (operacions corrents) + 4% Recàrrec Equivalència Compres"
"21% IVA Soportado (operaciones corrientes) + 5.2% Recargo Equivalencia Compras","21% IVA Suportat (operacions corrents) + 5.2% Recàrrec Equivalència Compres"
"5.2% Recargo Equivalencia Compras","5.2% Recàrrec Equivalència Compres"
"16% IVA Soportado (bienes de inversión) + 4% Recargo Equivalencia Compras","16% IVA Suportat (béns d'inversió) + 4% Recàrrec Equivalència Compres"
"18% IVA Soportado (bienes de inversión) + 4% Recargo Equivalencia Compras","18% IVA Suportat (béns d'inversió) + 4% Recàrrec Equivalència Compres"
"21% IVA Soportado (bienes de inversión) + 5.2% Recargo Equivalencia Compras","21% IVA Suportat (béns d'inversió) + 5.2% Recàrrec Equivalència Compres"
